nameOrig,max_z_score,total_moved
C1677795071,1.154678499657539,226611.9
C1999539787,1.1538768838334545,242801.74
C400299098,1.1466548438823256,120008.43
